title,url,tags,description,comments,annotations,created_at
"justforfunc #1: A Code Review - YouTube","https://www.youtube.com/watch?v=eIWFnNz8mF4","go,golang","","","","2017-08-11 08:59:35"
"How I Start.","http://howistart.org/posts/go/1/","go,golang","","","","2017-08-11 08:59:18"
"Resources for new Go programmers | Dave Cheney","https://dave.cheney.net/resources-for-new-go-programmers","go,golang","","","","2017-08-11 08:58:54"
"BTC-ECHO Bitcoin & Blockchain News","https://www.btc-echo.de","bitcoin,blockchain","","","","2017-08-11 08:57:55"
"CoinDesk - Leader in blockchain news.","https://www.coindesk.com","bitcoin,blockchain","","","","2017-08-11 08:57:32"
"Truly Free Internet Faxing","http://www.freepopfax.com","no_tag","","","","2008-03-20 22:26:22"
"Hibernate with Guice - Part I | Another Random Developer Blog","http://blog.jdevelop.eu/?p=22","no_tag","","","","2008-03-19 11:25:14"
"Working With Design Patterns: Facade","http://www.developer.com/java/article.php/3729311","no_tag","","","","2008-03-19 11:21:26"
"Linux NetMag - Daten mit rsync zwischen Notebook und Desktop-PC synchronisieren","http://www.linuxnetmag.com/de/issue8/m8rsync1.html","no_tag","","","","2008-03-18 11:58:48"
"rss dienst","http://www.izynews.de","Blogs","","","","2004-08-02 06:48:20"
"Straw, rss aggregator","http://www.nongnu.org/straw/","Blogs","","","","2004-08-02 06:04:44"
"RSS-Newsfeeds","http://www.presseportal.de/rss","Blogs","","","","2004-08-02 06:03:44"
"1 Million Free & Legal Music Tracks","http://www.redferret.net/pmwiki/pmwiki.php","no_tag","","","","2004-08-02 04:04:24"
"Tax Back- Taxback organise tax refunds for people who have worked abroad","http://www.taxback.com/","no_tag","","","","2004-07-07 19:06:19"
"Walmart.com - Store Detail","http://www.walmart.com/storeLocator/ca_storefinder_directions.do?sfsearch_street_1=396 Ano Nuevo&sfsearch_city=Sunnyvale&sfsearch_state=CA&sfsearch_zip=94085&edit_object_id=2280&continue=&sfatt=&x=39&y=12&=Continue","no_tag","","","","2004-07-07 18:24:23"
"Gentoo Forums :: Problem mit x.org/Xfree","http://forums.gentoo.org/viewtopic.php?t=166930&highlight=xfree maskieren","no_tag","","","","2004-07-07 16:02:34"
"Travelzoo - Your guide to sales, specials, hot travel deals","http://www.travelzoo.com","no_tag","","","","2004-07-07 15:51:45"
"New York City Guide | Links (Ãœbernachten & Wohnen)","http://www.nyc-guide.de/themen/_links/sleep.html","no_tag","","","","2004-07-07 15:51:30"
"Orbitz: Airline Tickets, Hotels, Car Rentals, Travel Deals","http://www.orbitz.com","no_tag","","","","2004-07-07 15:51:13"
"KPOO San Francisco 89.5 fm","http://www.kpoo.com","no_tag","","","","2004-06-17 17:04:52"
"Geek Times","http://www.geektimes.com","no_tag","","","","2004-06-14 04:17:14"
"Cheapo Vegas - Your Guide to a Better Vegas Vacation","http://www.cheapovegas.com/index.php","no_tag","","","","2004-06-13 23:47:05"
"Hotel and Motel Discounts and Coupons on RoomSaver.com","http://www.roomsaver.com","no_tag","","","","2004-06-13 22:41:16"
"Hotels New York City -Portland Sq. Hotel""In the Heart of Times Square""","http://www.portlandsquarehotel.com","no_tag","","","","2004-06-13 05:14:17"
"HERALD SQUARE HOTEL, New-York, USA","http://www.new-york-hotels-offer.com/hotels/herald-square-hotel.html","no_tag","","","","2004-06-13 03:13:14"
"""Herald Square"" Empfehlung","http://groups.google.com/groups?q=%22Herald Square%22&hl=en&lr=lang_de&ie=UTF-8&selm=35f3de53.0%40news3.ibm.net&rnum=2","no_tag","","","","2004-06-13 03:11:57"
